x,y
0,0
0.01,0.00524091
0.02,0.0104817
0.03,0.0157222
0.04,0.0209622
0.05,0.0262017
0.06,0.0314404
0.07,0.0366783
0.08,0.0419152
0.09,0.0471509
0.1,0.0523853
0.11,0.0576182
0.12,0.0628496
0.13,0.0680793
0.14,0.073307
0.15,0.0785327
0.16,0.0837563
0.17,0.0889776
0.18,0.0941964
0.19,0.0994126
0.2,0.104626
0.21,0.109837
0.22,0.115044
0.23,0.120248
0.24,0.125449
0.25,0.130647
0.26,0.135841
0.27,0.141031
0.28,0.146217
0.29,0.1514
0.3,0.156578
0.31,0.161751
0.32,0.16692
0.33,0.172085
0.34,0.177245
0.35,0.1824
0.36,0.18755
0.37,0.192694
0.38,0.197834
0.39,0.202967
0.4,0.208096
0.41,0.213218
0.42,0.218334
0.43,0.223445
0.44,0.228549
0.45,0.233647
0.46,0.238738
0.47,0.243823
0.48,0.2489
0.49,0.253971
0.5,0.259035
0.51,0.264092
0.52,0.269141
0.53,0.274183
0.54,0.279217
0.55,0.284243
0.56,0.289261
0.57,0.294271
0.58,0.299273
0.59,0.304267
0.6,0.309252
0.61,0.314228
0.62,0.319196
0.63,0.324154
0.64,0.329104
0.65,0.334044
0.66,0.338975
0.67,0.343896
0.68,0.348808
0.69,0.35371
0.7,0.358601
0.71,0.363483
0.72,0.368355
0.73,0.373216
0.74,0.378066
0.75,0.382906
0.76,0.387735
0.77,0.392553
0.78,0.397359
0.79,0.402155
0.8,0.406939
0.81,0.411712
0.82,0.416472
0.83,0.421221
0.84,0.425958
0.85,0.430683
0.86,0.435396
0.87,0.440096
0.88,0.444783
0.89,0.449458
0.9,0.45412
0.91,0.458769
0.92,0.463405
0.93,0.468027
0.94,0.472636
0.95,0.477232
0.96,0.481813
0.97,0.486381
0.98,0.490935
0.99,0.495475
1,0.5
1,0.5
1.01,0.504511
1.02,0.509007
1.03,0.513489
1.04,0.517956
1.05,0.522408
1.06,0.526846
1.07,0.531268
1.08,0.535675
1.09,0.540068
1.1,0.544445
1.11,0.548807
1.12,0.553153
1.13,0.557484
1.14,0.5618
1.15,0.5661
1.16,0.570384
1.17,0.574653
1.18,0.578906
1.19,0.583142
1.2,0.587363
1.21,0.591568
1.22,0.595757
1.23,0.599929
1.24,0.604085
1.25,0.608225
1.26,0.612348
1.27,0.616454
1.28,0.620544
1.29,0.624617
1.3,0.628674
1.31,0.632713
1.32,0.636736
1.33,0.640742
1.34,0.64473
1.35,0.648701
1.36,0.652655
1.37,0.656591
1.38,0.66051
1.39,0.664412
1.4,0.668296
1.41,0.672162
1.42,0.676011
1.43,0.679841
1.44,0.683654
1.45,0.687448
1.46,0.691225
1.47,0.694983
1.48,0.698723
1.49,0.702445
1.5,0.706148
1.51,0.709833
1.52,0.713499
1.53,0.717147
1.54,0.720776
1.55,0.724386
1.56,0.727977
1.57,0.731549
1.58,0.735102
1.59,0.738635
1.6,0.74215
1.61,0.745645
1.62,0.749121
1.63,0.752577
1.64,0.756014
1.65,0.759432
1.66,0.762829
1.67,0.766207
1.68,0.769564
1.69,0.772902
1.7,0.77622
1.71,0.779518
1.72,0.782795
1.73,0.786052
1.74,0.789289
1.75,0.792505
1.76,0.795701
1.77,0.798876
1.78,0.802031
1.79,0.805165
1.8,0.808277
1.81,0.811369
1.82,0.81444
1.83,0.81749
1.84,0.820519
1.85,0.823526
1.86,0.826512
1.87,0.829477
1.88,0.83242
1.89,0.835341
1.9,0.838241
1.91,0.841119
1.92,0.843975
1.93,0.84681
1.94,0.849622
1.95,0.852412
1.96,0.855181
1.97,0.857926
1.98,0.86065
1.99,0.863351
2,0.86603
2,0.86603
2.01,0.868686
2.02,0.87132
2.03,0.87393
2.04,0.876518
2.05,0.879083
2.06,0.881624
2.07,0.884143
2.08,0.886638
2.09,0.889109
2.1,0.891557
2.11,0.893981
2.12,0.896381
2.13,0.898757
2.14,0.901109
2.15,0.903437
2.16,0.90574
2.17,0.908019
2.18,0.910274
2.19,0.912503
2.2,0.914708
2.21,0.916888
2.22,0.919043
2.23,0.921172
2.24,0.923276
2.25,0.925355
2.26,0.927408
2.27,0.929436
2.28,0.931438
2.29,0.933414
2.3,0.935363
2.31,0.937287
2.32,0.939185
2.33,0.941056
2.34,0.9429
2.35,0.944718
2.36,0.946509
2.37,0.948273
2.38,0.95001
2.39,0.951721
2.4,0.953403
2.41,0.955059
2.42,0.956687
2.43,0.958287
2.44,0.95986
2.45,0.961405
2.46,0.962922
2.47,0.964411
2.48,0.965872
2.49,0.967304
2.5,0.968708
2.51,0.970083
2.52,0.97143
2.53,0.972748
2.54,0.974037
2.55,0.975297
2.56,0.976528
2.57,0.977729
2.58,0.978901
2.59,0.980044
2.6,0.981157
2.61,0.98224
2.62,0.983294
2.63,0.984317
2.64,0.98531
2.65,0.986273
2.66,0.987206
2.67,0.988108
2.68,0.98898
2.69,0.989821
2.7,0.990631
2.71,0.99141
2.72,0.992158
2.73,0.992875
2.74,0.99356
2.75,0.994214
2.76,0.994837
2.77,0.995428
2.78,0.995987
2.79,0.996514
2.8,0.997009
2.81,0.997472
2.82,0.997903
2.83,0.998301
2.84,0.998667
2.85,0.999
2.86,0.9993
2.87,0.999568
2.88,0.999803
2.89,1
2.9,1.00017
2.91,1.00031
2.92,1.00041
2.93,1.00048
2.94,1.00051
2.95,1.00051
2.96,1.00048
2.97,1.00041
2.98,1.00031
2.99,1.00017
3,1
3,1
3,1
3.01,0.999795
3.02,0.999555
3.03,0.999282
3.04,0.998975
3.05,0.998635
3.06,0.998263
3.07,0.997857
3.08,0.99742
3.09,0.996951
3.1,0.99645
3.11,0.995919
3.12,0.995356
3.13,0.994763
3.14,0.99414
3.15,0.993488
3.16,0.992806
3.17,0.992095
3.18,0.991355
3.19,0.990587
3.2,0.989791
3.21,0.988967
3.22,0.988116
3.23,0.987238
3.24,0.986334
3.25,0.985403
3.26,0.984446
3.27,0.983464
3.28,0.982457
3.29,0.981424
3.3,0.980367
3.31,0.979286
3.32,0.978181
3.33,0.977053
3.34,0.975901
3.35,0.974727
3.36,0.97353
3.37,0.972311
3.38,0.97107
3.39,0.969808
3.4,0.968525
3.41,0.967221
3.42,0.965897
3.43,0.964552
3.44,0.963188
3.45,0.961805
3.46,0.960403
3.47,0.958982
3.48,0.957542
3.49,0.956085
3.5,0.95461
3.51,0.953118
3.52,0.951608
3.53,0.950083
3.54,0.948541
3.55,0.946983
3.56,0.945409
3.57,0.943821
3.58,0.942217
3.59,0.940599
3.6,0.938967
3.61,0.937321
3.62,0.935662
3.63,0.933989
3.64,0.932304
3.65,0.930606
3.66,0.928896
3.67,0.927174
3.68,0.925441
3.69,0.923697
3.7,0.921942
3.71,0.920177
3.72,0.918402
3.73,0.916617
3.74,0.914822
3.75,0.913019
3.76,0.911207
3.77,0.909387
3.78,0.907559
3.79,0.905724
3.8,0.903881
3.81,0.902031
3.82,0.900174
3.83,0.898312
3.84,0.896443
3.85,0.894569
3.86,0.89269
3.87,0.890806
3.88,0.888917
3.89,0.887025
3.9,0.885128
3.91,0.883228
3.92,0.881325
3.93,0.879419
3.94,0.877511
3.95,0.875601
3.96,0.873689
3.97,0.871775
3.98,0.869861
3.99,0.867946
4,0.86603
4,0.86603
